[
{
    "model": "auth.permission",
    "pk": 1,
    "fields": {
        "name": "Can add log entry",
        "content_type": 1,
        "codename": "add_logentry"
    }
},
{
    "model": "auth.permission",
    "pk": 2,
    "fields": {
        "name": "Can change log entry",
        "content_type": 1,
        "codename": "change_logentry"
    }
},
{
    "model": "auth.permission",
    "pk": 3,
    "fields": {
        "name": "Can delete log entry",
        "content_type": 1,
        "codename": "delete_logentry"
    }
},
{
    "model": "auth.permission",
    "pk": 4,
    "fields": {
        "name": "Can view log entry",
        "content_type": 1,
        "codename": "view_logentry"
    }
},
{
    "model": "auth.permission",
    "pk": 5,
    "fields": {
        "name": "Can add permission",
        "content_type": 2,
        "codename": "add_permission"
    }
},
{
    "model": "auth.permission",
    "pk": 6,
    "fields": {
        "name": "Can change permission",
        "content_type": 2,
        "codename": "change_permission"
    }
},
{
    "model": "auth.permission",
    "pk": 7,
    "fields": {
        "name": "Can delete permission",
        "content_type": 2,
        "codename": "delete_permission"
    }
},
{
    "model": "auth.permission",
    "pk": 8,
    "fields": {
        "name": "Can view permission",
        "content_type": 2,
        "codename": "view_permission"
    }
},
{
    "model": "auth.permission",
    "pk": 9,
    "fields": {
        "name": "Can add group",
        "content_type": 3,
        "codename": "add_group"
    }
},
{
    "model": "auth.permission",
    "pk": 10,
    "fields": {
        "name": "Can change group",
        "content_type": 3,
        "codename": "change_group"
    }
},
{
    "model": "auth.permission",
    "pk": 11,
    "fields": {
        "name": "Can delete group",
        "content_type": 3,
        "codename": "delete_group"
    }
},
{
    "model": "auth.permission",
    "pk": 12,
    "fields": {
        "name": "Can view group",
        "content_type": 3,
        "codename": "view_group"
    }
},
{
    "model": "auth.permission",
    "pk": 13,
    "fields": {
        "name": "Can add user",
        "content_type": 4,
        "codename": "add_user"
    }
},
{
    "model": "auth.permission",
    "pk": 14,
    "fields": {
        "name": "Can change user",
        "content_type": 4,
        "codename": "change_user"
    }
},
{
    "model": "auth.permission",
    "pk": 15,
    "fields": {
        "name": "Can delete user",
        "content_type": 4,
        "codename": "delete_user"
    }
},
{
    "model": "auth.permission",
    "pk": 16,
    "fields": {
        "name": "Can view user",
        "content_type": 4,
        "codename": "view_user"
    }
},
{
    "model": "auth.permission",
    "pk": 17,
    "fields": {
        "name": "Can add content type",
        "content_type": 5,
        "codename": "add_contenttype"
    }
},
{
    "model": "auth.permission",
    "pk": 18,
    "fields": {
        "name": "Can change content type",
        "content_type": 5,
        "codename": "change_contenttype"
    }
},
{
    "model": "auth.permission",
    "pk": 19,
    "fields": {
        "name": "Can delete content type",
        "content_type": 5,
        "codename": "delete_contenttype"
    }
},
{
    "model": "auth.permission",
    "pk": 20,
    "fields": {
        "name": "Can view content type",
        "content_type": 5,
        "codename": "view_contenttype"
    }
},
{
    "model": "auth.permission",
    "pk": 21,
    "fields": {
        "name": "Can add session",
        "content_type": 6,
        "codename": "add_session"
    }
},
{
    "model": "auth.permission",
    "pk": 22,
    "fields": {
        "name": "Can change session",
        "content_type": 6,
        "codename": "change_session"
    }
},
{
    "model": "auth.permission",
    "pk": 23,
    "fields": {
        "name": "Can delete session",
        "content_type": 6,
        "codename": "delete_session"
    }
},
{
    "model": "auth.permission",
    "pk": 24,
    "fields": {
        "name": "Can view session",
        "content_type": 6,
        "codename": "view_session"
    }
},
{
    "model": "auth.permission",
    "pk": 25,
    "fields": {
        "name": "Can add category",
        "content_type": 7,
        "codename": "add_category"
    }
},
{
    "model": "auth.permission",
    "pk": 26,
    "fields": {
        "name": "Can change category",
        "content_type": 7,
        "codename": "change_category"
    }
},
{
    "model": "auth.permission",
    "pk": 27,
    "fields": {
        "name": "Can delete category",
        "content_type": 7,
        "codename": "delete_category"
    }
},
{
    "model": "auth.permission",
    "pk": 28,
    "fields": {
        "name": "Can view category",
        "content_type": 7,
        "codename": "view_category"
    }
},
{
    "model": "auth.permission",
    "pk": 29,
    "fields": {
        "name": "Can add restaurant",
        "content_type": 8,
        "codename": "add_restaurant"
    }
},
{
    "model": "auth.permission",
    "pk": 30,
    "fields": {
        "name": "Can change restaurant",
        "content_type": 8,
        "codename": "change_restaurant"
    }
},
{
    "model": "auth.permission",
    "pk": 31,
    "fields": {
        "name": "Can delete restaurant",
        "content_type": 8,
        "codename": "delete_restaurant"
    }
},
{
    "model": "auth.permission",
    "pk": 32,
    "fields": {
        "name": "Can view restaurant",
        "content_type": 8,
        "codename": "view_restaurant"
    }
},
{
    "model": "auth.permission",
    "pk": 33,
    "fields": {
        "name": "Can add user",
        "content_type": 9,
        "codename": "add_user"
    }
},
{
    "model": "auth.permission",
    "pk": 34,
    "fields": {
        "name": "Can change user",
        "content_type": 9,
        "codename": "change_user"
    }
},
{
    "model": "auth.permission",
    "pk": 35,
    "fields": {
        "name": "Can delete user",
        "content_type": 9,
        "codename": "delete_user"
    }
},
{
    "model": "auth.permission",
    "pk": 36,
    "fields": {
        "name": "Can view user",
        "content_type": 9,
        "codename": "view_user"
    }
},
{
    "model": "auth.permission",
    "pk": 37,
    "fields": {
        "name": "Can add spinner",
        "content_type": 10,
        "codename": "add_spinner"
    }
},
{
    "model": "auth.permission",
    "pk": 38,
    "fields": {
        "name": "Can change spinner",
        "content_type": 10,
        "codename": "change_spinner"
    }
},
{
    "model": "auth.permission",
    "pk": 39,
    "fields": {
        "name": "Can delete spinner",
        "content_type": 10,
        "codename": "delete_spinner"
    }
},
{
    "model": "auth.permission",
    "pk": 40,
    "fields": {
        "name": "Can view spinner",
        "content_type": 10,
        "codename": "view_spinner"
    }
},
{
    "model": "auth.permission",
    "pk": 41,
    "fields": {
        "name": "Can add selected restaurant",
        "content_type": 11,
        "codename": "add_selectedrestaurant"
    }
},
{
    "model": "auth.permission",
    "pk": 42,
    "fields": {
        "name": "Can change selected restaurant",
        "content_type": 11,
        "codename": "change_selectedrestaurant"
    }
},
{
    "model": "auth.permission",
    "pk": 43,
    "fields": {
        "name": "Can delete selected restaurant",
        "content_type": 11,
        "codename": "delete_selectedrestaurant"
    }
},
{
    "model": "auth.permission",
    "pk": 44,
    "fields": {
        "name": "Can view selected restaurant",
        "content_type": 11,
        "codename": "view_selectedrestaurant"
    }
},
{
    "model": "auth.permission",
    "pk": 45,
    "fields": {
        "name": "Can add restaurant spinner",
        "content_type": 12,
        "codename": "add_restaurantspinner"
    }
},
{
    "model": "auth.permission",
    "pk": 46,
    "fields": {
        "name": "Can change restaurant spinner",
        "content_type": 12,
        "codename": "change_restaurantspinner"
    }
},
{
    "model": "auth.permission",
    "pk": 47,
    "fields": {
        "name": "Can delete restaurant spinner",
        "content_type": 12,
        "codename": "delete_restaurantspinner"
    }
},
{
    "model": "auth.permission",
    "pk": 48,
    "fields": {
        "name": "Can view restaurant spinner",
        "content_type": 12,
        "codename": "view_restaurantspinner"
    }
},
{
    "model": "contenttypes.contenttype",
    "pk": 1,
    "fields": {
        "app_label": "admin",
        "model": "logentry"
    }
},
{
    "model": "contenttypes.contenttype",
    "pk": 2,
    "fields": {
        "app_label": "auth",
        "model": "permission"
    }
},
{
    "model": "contenttypes.contenttype",
    "pk": 3,
    "fields": {
        "app_label": "auth",
        "model": "group"
    }
},
{
    "model": "contenttypes.contenttype",
    "pk": 4,
    "fields": {
        "app_label": "auth",
        "model": "user"
    }
},
{
    "model": "contenttypes.contenttype",
    "pk": 5,
    "fields": {
        "app_label": "contenttypes",
        "model": "contenttype"
    }
},
{
    "model": "contenttypes.contenttype",
    "pk": 6,
    "fields": {
        "app_label": "sessions",
        "model": "session"
    }
},
{
    "model": "contenttypes.contenttype",
    "pk": 7,
    "fields": {
        "app_label": "letseatapi",
        "model": "category"
    }
},
{
    "model": "contenttypes.contenttype",
    "pk": 8,
    "fields": {
        "app_label": "letseatapi",
        "model": "restaurant"
    }
},
{
    "model": "contenttypes.contenttype",
    "pk": 9,
    "fields": {
        "app_label": "letseatapi",
        "model": "user"
    }
},
{
    "model": "contenttypes.contenttype",
    "pk": 10,
    "fields": {
        "app_label": "letseatapi",
        "model": "spinner"
    }
},
{
    "model": "contenttypes.contenttype",
    "pk": 11,
    "fields": {
        "app_label": "letseatapi",
        "model": "selectedrestaurant"
    }
},
{
    "model": "contenttypes.contenttype",
    "pk": 12,
    "fields": {
        "app_label": "letseatapi",
        "model": "restaurantspinner"
    }
},
{
    "model": "letseatapi.category",
    "pk": 1,
    "fields": {
        "name": "Italian"
    }
},
{
    "model": "letseatapi.category",
    "pk": 2,
    "fields": {
        "name": "Mexican"
    }
},
{
    "model": "letseatapi.category",
    "pk": 3,
    "fields": {
        "name": "Chinese"
    }
},
{
    "model": "letseatapi.category",
    "pk": 4,
    "fields": {
        "name": "Japanese"
    }
},
{
    "model": "letseatapi.category",
    "pk": 5,
    "fields": {
        "name": "American"
    }
},
{
    "model": "letseatapi.category",
    "pk": 6,
    "fields": {
        "name": "Indian"
    }
},
{
    "model": "letseatapi.category",
    "pk": 7,
    "fields": {
        "name": "Thai"
    }
},
{
    "model": "letseatapi.category",
    "pk": 8,
    "fields": {
        "name": "Greek"
    }
},
{
    "model": "letseatapi.category",
    "pk": 9,
    "fields": {
        "name": "French"
    }
},
{
    "model": "letseatapi.category",
    "pk": 10,
    "fields": {
        "name": "Mediterranean"
    }
},
{
    "model": "letseatapi.user",
    "pk": "7725e2d48c254447",
    "fields": {
        "name": "Peter Parker",
        "password": "pbkdf2_sha256$390000$M3tliRtTR5k6Y0OUyDnbXR$sNJBr0SOupi34nYGrCurHsxxdSsWFfTZ1bRhTNzpMWg=",
        "user_name": "notSpiderman",
        "bio": "Spiders hate pho, I do not!",
        "profile_picture": "https://www.google.com/imgres?q=spiderman%20in%20a%20hoodie&imgurl=https%3A%2F%2Fgenuineleatherjackets.com%2Fwp-content%2Fuploads%2F2021%2F12%2FSpider-man-Peter-Parker-Gray-Hoodie-1.webp&imgrefurl=https%3A%2F%2Fgenuineleatherjackets.com%2Fproduct%2Ftom-holland-spiderman-hoodie%2F&docid=9Wc_-A5LFmHTtM&tbnid=erCUupyZHF1vzM&vet=12ahUKEwi7o4qDqs2IAxUhMdAFHRpQBIkQM3oECBkQAA..i&w=584&h=812&hcb=2&ved=2ahUKEwi7o4qDqs2IAxUhMdAFHRpQBIkQM3oECBkQAA",
        "street_address": "20 Ingram Street",
        "city": "Queens",
        "state": "NY",
        "zip_code": "11104"
    }
},
{
    "model": "letseatapi.user",
    "pk": "84cd6daff1cc428a",
    "fields": {
        "name": "Brad Weatherb",
        "password": "pbkdf2_sha256$390000$rpAonvoBSo5WYpgU7ADIId$PQtGcyhbX5h6irMkV9z2aivnozSat/1j99Wq7JqsFo8=",
        "user_name": "bweatherby1",
        "bio": "I love pho!",
        "profile_picture": "data:image/jpeg;base64,/9j/4AAQSkZJRgABAQAAAQABAAD/2wCEAAkGBxMSEhUSEhISFRAVEBUWFxUVFRAVFxUVFRUWFhUVFRUYHSggGBolHRUVITEhJSkrLi4uFx8zODMtNygtLisBCgoKDg0OGhAQGi0dHx8tLS0tLS0tLSstLS0tLS0tLSstKy0tLS0tLS0tLSstLS0tNzctLSstLTctLTcrLSsrLf/AABEIAOEA4QMBIgACEQEDEQH/xAAcAAABBQEBAQAAAAAAAAAAAAAFAAIDBAYBBwj/xABCEAABAwIEAwUGAQkGBwAAAAABAAIRAwQFEiExQVFhBhMicYEykaGxweFCBxQVIzNSYtHwNHKCkqLxFiRDU3N0wv/EABoBAAMBAQEBAAAAAAAAAAAAAAABAwIEBQb/xAAmEQACAgICAQQCAwEAAAAAAAAAAQIRAyESMQQTIjJRM0EUQoEV/9oADAMBAAIRAxEAPwAu4pwUZUjQvlz1hrU+VwtTSUCOgqVhlVHPA9THqqVfFG0rg0/3qbXeskH5BNRb6GwrWMCUNv7xtNhe9wDesb9EJ7RdoQ0ZGEOqTAHBvU81kXl1Vzi9xqHM3cmATyC6cfjuW5GHkrSDeI4++q0ikCKcgTBBcdz5BCr+l3sHdrmEeUuJCstrtaaNMtMzB65hAPxQ23uC3K06tDC09YPzXXCHH4k5O+y5huCtAdRfBzQWuPDQ7IXjeEuyMeJJALXEchsfJFsUuy0gdA5pHTUfCVObgawSWuDXADk4THvVFKSdmXGL0YujQJ2EwPX3J4YPL04rV2NGlUdUY6STHTXcfJDLqyayoZ1pu57t4GOmip6lmOFFXEWAGnEj9U37p2GY9WoEZCY+HuU9U52d1JOWcumvPVCHNgzx5JJKSpg7W0ejYN26Y4htdoE/ibwPXotVTe14zNIIOoI1ELw6REgaytJ2e7TPty0ElzAdjyXJm8VdwKwyfZ6o2nonhUMMxmnXbLHeY5K+xcLTXZYa9qYWqZyYAkBGGpxYngJ8pARZdFBVarJCjexZY4lCq2E1pVqs1VgEmUR3MuruRcSAuZVIwLoanwtkhjlBVZIVhRvKAB1y/MwjYgiehCxPaG6canezleAQP8Ow9dUZ7T4x3ZLWCXFsknQdI+PwWIvb51UzEdAfmu7x8T7J5JfoaHEVGkmQZdr1V3CiAdd+9aZnYTtCp2rs0D8QPHkUrolh05/JdrI2GLoeMVBENEESTqDAVFgHe1Wx/wBQmD/E7h71Xwyu6cp1kzHM5pKJWlLMaj93OfDfLNuihlW7oZagY5zpjwk8+SrUKjsw107vL/lJCtY64Ete07Sfjp8lIy19hx4x/q1KE6QFC2vnB7eJBifeIRmoe9qOaYlga4esyPeQh11Yd04P4EmPMFE8JtYa6o6ZJBJ6NkwPWFmTQ0C61FzKuvEZh0Oir3uHvBLyDlJ0cNpPDojt3XZV5S0DXqTKpMuTBGchs7jgeBI4hHJoHEBPpEeZT2t96s16O5dEjYiQD5BV2u+K3dmOIUwq/dRcHtnfUTuvTsAxhldgI0dGoXldJm3JE8KvTb1GuB8PELkzY1LaKwkerlqaGwlh122qwPaRBHqpyAuFqixEAu5FyE7MsgJrF11JS0CCp3BAmCq1JV20UWqU1Vq04Q0aTK3dpJ2UpJUPkdDksybK6UrEOCHYjeZWuIMNaPE87eTeZV8OWY7aVy2m1gEku26D7wtwXKSQmzH4nel7tSNdpM5Z5nrHwVV7YEscJ4hw49DyVjDbDNVh2u7j58ArFSgHPOm2i9VVHohTYJ7wuPiaJ5t/kr5oGowaeJu/0Ku2+H67IrTw/YxuIICHMagZZlmW7TJ3PFo6IwaGWmA0HNGnTRG6eEyZjWNPuiP6Dyt04jfoOSy8htY2Y25w/OQ2CAGAE8gNfVWMhJPh8IiBygQtbbdn6jp0+6uf8KOjcCUuY/SZiO5c8ta6C1m2nNLEHOy5Ggga7clsR2Ue05plR1sKj8APmYWfUKLCZDDcHe7UghvznZVLrDsjyIO2/D3L0O1s3NYZiSSTHDoEIrWuY5o0WfUbG8Jhq7I0Lfj9lVqsjLotTimGuBnSOiE4hawRG+WVSMyEoUOtqMsIO8GCo26iDvtKJWMANnjHxHyQ65BL3MDYcDMHiOYQtmTXdh7zR1PXmPqtk16857M1+7qNMeFxIPQlehMXFmVSKroeSllSAUjFEZynorBKjhOhCExByZUEpxaQo+81TBC7pJSd4kihg2F2F2F0BYodjS1ZbtRVDquWfYp/MrWBefYnU/W1idyYldHjx9xiTK1vDBPE6IlhdmD4iEItTnOUbAj13WnsWaLqm6RvFG2T29o2QYRu1tWjgh9s3VGbZqjbOtQRYo2zeQVxlEHh0VcBX7Zi2gaSRLSpQICjIIV5jU2rSVOJFTVg97iqdUDkidSmqNZilJUWi7KNQ6Qhotfa+CJ1WKGosWbaA93ZBzUKubNhDCYktynzGi0lduh5LL4o0gkfhmVSDObLE5WsAIAiAYPkXaKje2h76T+7ofLZRMxMtljjoRE9eHxTKmMAhpO4EHnpsVVRZyyLbeDhpz6OG63FnVBY1wO7QvO7m5BYSw6PE/4uPqtd2Zug+3ZvIEEEarn8haTNQ+g816llVWKZpXKaJ2FWaYCp0yrIctIRO5soZdMhXRVVevTlDAod6V1TfmxSSGRJBy4ksgSwvMu0gLK2XjJLvVenMXl3a53/ADtX+6F0+L8mYl0Owwgbc1pbMrHWNXxDyC1tgdl0ZUWwdhegIRi3chlJELbRQOxBEBXrRyHMciFsqRZiewjSKVUqGk5Ks5WvRzcdnHahUq7U91UqBxU5NMvFUVazVUeFdrKm9QZUr1tlnsXbutFUQXFaOYGAtRdE8kbRgbyWmDtuFUYBmHI/NE8Tplpg81RfSGWY0IB6zxXbF2jzZadEgpHKYOjTK9KwWn+opEcaTT6rzg1CI5lojqF6H2Wn83bI1BM9PNcvkr2lIfYVarDQoGhWqbVxI2dY1TsamtCfmWgGv0K7nChqpUmoAmlJcypJAC5XQU0hcBWR0SByyPbKw0fWDZJaGk8hO/wWslUsat+8oVWcTTMea3ifGSFJWjzNjYqTw0+S19k7QHosRTqcTuDHu0+i2OG1PACdBC9DKrHgls0lqiNJqAUcRpjir9vj1ECC4yPNQ4s6/UQeoU0Rt2oJZYtTInWEftKrSJBW4ozKRM0JrtVI5whQV62VsrbZJWMqhoEkwhNzitJv4xpxQrtDXqOgNJiJjzQF9v4h4SXR1OvFKkbtoMXvaFmuQ5+jWkFUv0478VMjlPFXrDAHOAc+GxyBB8kRq4KyCCBJ4yVmkLlIC0MWY8xOV3JTO8S5f4Cw7NggaQfiuW1JzWw7hp7llpGrZne0lgNHAbws7bt1gjmt/ibJpyOCyVSn4uqvjejkzR3ZFaWPjb+4NRzB5eS2eE5g4y2Af6mEMwW0a9/ikAQdFp3M8fQ6T6fZSye7R048fsLFNimDYUVF0BTB64iA3OkHpzmymsbqgBwC64wpWhVKz0AS94kqySAK5TQpSmOWBiC6WSCOYI94XGpF0JoDxe4EVHsnZ7h7j91ore5dkZTbrLVR7QYY6ndPMeB7iQep1IRjs/RnI8+XkvWlJNJojBPlRLQweu7xNafLmr35nXAOaiZ6RC0VO9bSbmcdtuqqXGO1nBuSm0Me7K1zifEeMLEVKXRaSjBW2D7R1RpAcOOoMrS4TiLWNy5vehjKD3ZC803Ne4N0JlpdsDDjr0TsRwg03QQWnlOYH/F9kp45R7NY8kZLRs7aqHAEGZTL98NQbs/VOWCeKtYiZ4rFl0gZWfPIAc062qOH7JgJg6kakjeOn81co0Wu/CCY0B2nmVfsnGkSQwFxEFxM6chpoE403sxO60Zh+KXjmkh1NoBGhiTJI05xGqbb312aYq5mPGctLQNdDEgI2MDa52Y8zAgeEO3DTwVujZMpABoEDYK2Rw41EhjWW/cwdb1i4eJsHnqnXDZEQrxE8IUTtOS5jroz9dpEtOxWUxChlfC2mIAbrKY63Vrhzhag9kc0dBjA7Z76Yex0OGhAAMwjNOi5x8Uh0SJ02QvshUilI4VCI+60V7X/AFmkQAQfd8UNbL4nopUX6TzPxU7Cqlrt/XFWWFcUlUjmmtlti68QuUlJVTJkJcq7wpgVFUCQyOUlzIklY6GFMepIUVRIQmlccuBPyoNGc7XW80c3FrwfQ7qv2dpgsGm8/NG8ZozScI3Q7szU8LZ6/NdeF+wErkFamE96Q0nKAitfB81NtPMMrSC0iAWnouCpKs0iVWM2uirxqS2co4TTpgH8QOYGfxDZ2m5CH4xVgEzJ5nVGCwkIDjbNITlNy7BY1HpFrBDDArl46QqWCMloV2+ZCmdCRFbvRek2QIQKkEZsHGE4sxNFju3KB9F3NXwV2AqcSalQJrMKqVXoxdMQa6ClLRWO0Cr2pKy2KajyctFfGFm8Td4SeqcOyeboMdmKTjSLW7mqfctNUpDSd0G7Hs/VZj+LbyRe5rhogcoCJOtmouoorUX7n+L4AABTMcqrU9pXDKVsg9sJ0XrtZyqUaine/RaRMhFRPBlVaj4KaKqyOi9ISVTvUkBTO5kwhRsKkKBHQxdlIKNxQBXxDWm6ODSfUf0UCwg5AdPxEj1MrSFoIIO389Pqs2+kWVA2TuR7vsunC9NG4PZo7N0wjVu0IFhtQQEctnhUR2Vou5dFm8bGq0FWqI34LM4xXk+qZNhTBGQAr13RJCpYFcN+CLPu2wZTobbTALdHIjRrZfJCLm+b3kCT5KVt25+jWOnmeCVA2aB1xpIUTrrioqDcrQDvx81FcUweMJ2xJIfWu5CDXtzCmdSeNocOPP0VC+9klYkUTpFWsc4nVAb1kgg6BadlP9UOcarO4gfmnAjlLuBYu5obQFPwtZo/1RgPJ1O6A9nhOcwjgK5803dElJ0PzQuCoonlRSoAXG1VOKshDmlWqbk0KjlQprQnPKa1yYyRJcSQBLSapSFxoTkExNUVXRThqgrBAEQKG45aTFVu7faHMImAoroBzHNOxC1GVOx3QNsLuY5QjtvcBY+lLefhMHotDhrwYnUZZXUzrhLQYdWQXEKJdOqlu8S2AhUXXpOvNMTZVpVHUT4XTzCJUMQfU0ESUONGQd82n3Vi0tSwh0eEnb5laMqwjQIpyBBfxJ5qRmKu1HEaqGrZzUEO8JBMDUg+is0sHqO8bKbi3bUx69U0m+gtLsaMQJKbVvOJ4H5q7W7P1GEB7mNBaTzOg2Qy0wh9V4PevbRAgjQFxnghxa7FzT6JW4jlqAEqxi7AabnAamYPUhcu8IyPaZlk8d03F3gup0hxft0CmUFXbloDMIIaNFkrk7+a1HaatlaAOSyNZ+i1Anklov8AZw6VOj/ojDignZp0sef4z7kXK5syfJkojiU2FIwLrmqTGcCRcmlJJAPlNzLkLuVDAd3i4llSSAIkpmZRvqJgctEy9SKbUamUSk96AK7wuEJz1WqVEAgLeHu6+uragPvU9nWyOyO9kjQ8gUsaoF9PM32qZzDyG4VCjXFWmBs7h811QdxKxlQX/R7i8sEkxoeY5KniOG3FFwyua4cWkfI80TwTEfZafbDtDx9UbugHiJ1Gx4qi0USsCYS+0yO/OHllTKCA50TJ2HNauzs7HM2HU3S0GC+QPisqyg1xLajGkbagEH3q1RwahOjWgcYVVOP0YeFv+xt7e6tKGbK+i2XT7TShl72lzB1O2pucdQ2ofYE/ijjshtrY0G65MxB4/wCytm/aBDGgei36mtE/46u3sr3IfV7t1w4OqsYRIBaJcACY9FZt2wOXRdpUy4ZinVTGoUZNvs6IpJUhl6ZYfgs/a1WuqOqv1LRlHSNyrV3V1c5w4SNTw5DZAMNrghxJMy47DVYFdaIMYvi4wTqAgdxV8McTsnXVYHxHff7J2G25eQ5w22VUklZzt8pUV69w+3dSLCRJAI4GTqvQL+yyHMBoQCehICzNxhXfVaFONTWb7gZK9IvrcERwzH3RA+S6Y4lnxU+zkyyeLJoygKc567fUDTdB0B2VA3tMaGowHq5q8eWOUZOLXR1xmpLkWSVyVHn48E5hWDZKxShqdRYpm00CbIsiSmypIFZAV1gTZT2pmSZhXSU0JrigBVBoh1ZXnqq6mgaK0/KCsteF1vVIAOR2rfqFrHsVS9smVWFr+sdDwIVMU+Mt9AwVSvM3ibu30la2xv8AvWBw9qNV5zVY+3dkqbbg6+L15oxgWLZXEcHDRdjWrQ8eT7NoKc7p9KxiSCdSorGu1251hX6VcbfPZYOkpsa4EjWPNGMPo8xM81F3U7bKehLTEn/ZaE0XXwNBoqV64ZY+sJlcu34oXfXcOALhG/SQhh0BcXusrXNEkDbhE/NBbO5hrtYGpnyU/aDEC7SIPEhB8pqnIAcuxK1FaOect0iS2tTVcP3ZnzWjtbXK6I0hOwuzygbI3h+GOrVWsHH2ujeaw25y4ooorHHkwh2Zwol5rkaNblZ1cdyEYr0pPuHrxKKtoNa1rWaNaMrfPi7zVZ1LXTy/mV6+LGoRo8fNkeSbZnu0mCtuaDmGQSTBGhEDdeGXli6jVfSqN1bxImeRX0pVp6GB/CPqvFfyg3DX3Tg3ZgDSeZGv1Wmk9k030Cez+Omk4Uqpmm7QGfZP1W2pnqIOx5ry2tTlGMD7QPow18upf6m/Zed5fic/dA7MGevbI9Fo1FcpmUGsLxlVudjgW/EeYROk9eS006Z2On0WoSUPepIMlNSsUTVK0oAmlccVFmSLkAPzJjguSmZ0DRHWVaVZqqvlQaRXvLVtRuV4kfLyPBY66tX29WCTlmWkxqFuVmu1btWg7fRdniKUm1+iOaXFIvYdfnTWJWmsrhpaNZ14815qys+lHFvNHsOxgCNR91aWOui2PJ9noxuQ1gHDqo33QGoM6beazLMVBjWZ5rlTExI1AE9OSwW5INXWIwS4HSFlb7E9SeGuiqXuLAjK2d1SoWjqh4xK2kv2RnJvoi7x9U8TJgrS4Vh0cOCfh2HBsQFoLWhAkqc8l9FMeKtsjo0OnKBzJ4LcYJh3dU9f2jxLjyHJD+zWG5j37wco9gHiTxWkd8912eLhpcmcPmZ+XsXRD/Q6BNLf5D6qbLPmdB0UdV4Gw20HnzXeeeBu0+KNtqD6pjwt8I5vOgheB31fMS4+0SSfM6reflRxTPWZbNMtpAuf1e6Inyg+9YC4EpMaKkJrmKYMXe7SGR21w+ic9Nxafh6harBu1wcQyuAwnZ42+yzLqChfb9FHL48Mi2v9KQyyj0em/pKj/wB6n/nakvLvzQch7guLk/50Ptlf5LPWdki5J6YvIOwlYpMqhaVOKmiAK1R6i7xSVwoQmaQnvUeZOqKMOQaSHZkA7X0YqMCuYljDKTms3qOe0AcsxA15K726s4dTfwLd+C9XwINJyf7OHyZptJGYtiC34KOvaiZGhlR4aYc4dUSeyU5upOjoxq4lc0nwACrVvhZ/E4n3qS0aNij1pbyFGU2i+OCYPtcKaNh70VtrQBWxSASa4SpOTZdRSJ6FIIrhdkazwwew0+I/RDrCm6q8U2bk6ng0cSTwXoGG2DaLA1og8T9V0ePh5y5Po5fKz+muK7ZYaA0ADQN0AGyaevqnuPL0UbvuV6h49nXO95+A6IdiN2KVJ9Z3ssYXR5bfGFbfr67/AMlhfyuYnkt2W4PjrOzPHJjNp9YTEeX3l46tUfVdq97iXefL3QqTk8zMjf5hdP8AXRAyMBOa1OSSCzhao3s3UuVLKgZVhJWMh5JIA9GKYkkvmD1RBStSSSAjqqAJJJmkMqKIJJJPo0YLGP7YP/Mz5hendt/2NLzSSX0Hj/jR5WT5s86sfbPmUZ4LqS5cnyZ34victt1qMN9lJJc+Q6sRcuOCrcPVJJTLBzsX+0qf3R816APa93zXUl6nh/jPG878pC38HmVE/j/fXEl1HGcb/wDa8p/LN/a6f/rj5pJJgYJu6aNz5riSQDxsV1qSSAOrqSSBoSSSSBn/2Q==",
        "street_address": "164 Daniel St",
        "city": "Pleasant View",
        "state": "TN",
        "zip_code": "37146"
    }
},
{
    "model": "letseatapi.user",
    "pk": "user_1",
    "fields": {
        "name": "John Doe",
        "password": "Pithon789",
        "user_name": "johndoe",
        "bio": "Food enthusiast and amateur chef",
        "profile_picture": "https://randomuser.me/api/portraits/men/1.jpg",
        "street_address": "123 Main St",
        "city": "New York",
        "state": "NY",
        "zip_code": "10001"
    }
},
{
    "model": "letseatapi.user",
    "pk": "user_10",
    "fields": {
        "name": "Emma White",
        "password": "Pithon789",
        "user_name": "emmawhite",
        "bio": "Organic food advocate and farmers market regular",
        "profile_picture": "https://randomuser.me/api/portraits/women/10.jpg",
        "street_address": "707 Ash Ave",
        "city": "Portland",
        "state": "OR",
        "zip_code": "97201"
    }
},
{
    "model": "letseatapi.user",
    "pk": "user_2",
    "fields": {
        "name": "Jane Smith",
        "password": "Pithon789",
        "user_name": "janesmith",
        "bio": "Vegetarian foodie exploring new cuisines",
        "profile_picture": "https://randomuser.me/api/portraits/women/2.jpg",
        "street_address": "456 Elm St",
        "city": "Los Angeles",
        "state": "CA",
        "zip_code": "90001"
    }
},
{
    "model": "letseatapi.user",
    "pk": "user_3",
    "fields": {
        "name": "Mike Johnson",
        "password": "Pithon789",
        "user_name": "mikejohnson",
        "bio": "BBQ master and grill enthusiast",
        "profile_picture": "https://randomuser.me/api/portraits/men/3.jpg",
        "street_address": "789 Oak Ave",
        "city": "Chicago",
        "state": "IL",
        "zip_code": "60601"
    }
},
{
    "model": "letseatapi.user",
    "pk": "user_4",
    "fields": {
        "name": "Emily Brown",
        "password": "Pithon789",
        "user_name": "emilybrown",
        "bio": "Dessert lover and aspiring pastry chef",
        "profile_picture": "https://randomuser.me/api/portraits/women/4.jpg",
        "street_address": "101 Pine Rd",
        "city": "San Francisco",
        "state": "CA",
        "zip_code": "94101"
    }
},
{
    "model": "letseatapi.user",
    "pk": "user_5",
    "fields": {
        "name": "David Lee",
        "password": "Pithon789",
        "user_name": "davidlee",
        "bio": "Sushi aficionado and sake enthusiast",
        "profile_picture": "https://randomuser.me/api/portraits/men/5.jpg",
        "street_address": "202 Cedar Ln",
        "city": "Seattle",
        "state": "WA",
        "zip_code": "98101"
    }
},
{
    "model": "letseatapi.user",
    "pk": "user_6",
    "fields": {
        "name": "Sarah Wilson",
        "password": "Pithon789",
        "user_name": "sarahwilson",
        "bio": "Vegan cook exploring plant-based recipes",
        "profile_picture": "https://randomuser.me/api/portraits/women/6.jpg",
        "street_address": "303 Maple Dr",
        "city": "Austin",
        "state": "TX",
        "zip_code": "78701"
    }
},
{
    "model": "letseatapi.user",
    "pk": "user_7",
    "fields": {
        "name": "Tom Anderson",
        "password": "Pithon789",
        "user_name": "tomanderson",
        "bio": "Pizza lover and home brewing enthusiast",
        "profile_picture": "https://randomuser.me/api/portraits/men/7.jpg",
        "street_address": "404 Birch Blvd",
        "city": "Denver",
        "state": "CO",
        "zip_code": "80201"
    }
},
{
    "model": "letseatapi.user",
    "pk": "user_8",
    "fields": {
        "name": "Lisa Taylor",
        "password": "Pithon789",
        "user_name": "lisataylor",
        "bio": "Spicy food lover and hot sauce collector",
        "profile_picture": "https://randomuser.me/api/portraits/women/8.jpg",
        "street_address": "505 Walnut Way",
        "city": "Miami",
        "state": "FL",
        "zip_code": "33101"
    }
},
{
    "model": "letseatapi.user",
    "pk": "user_9",
    "fields": {
        "name": "Chris Martin",
        "password": "Pithon789",
        "user_name": "chrismartin",
        "bio": "Coffee connoisseur and breakfast food fanatic",
        "profile_picture": "https://randomuser.me/api/portraits/men/9.jpg",
        "street_address": "606 Spruce St",
        "city": "Boston",
        "state": "MA",
        "zip_code": "02101"
    }
},
{
    "model": "letseatapi.restaurant",
    "pk": 1,
    "fields": {
        "name": "Bella Napoli Pizzeria",
        "street_address": "1200 Villa Pl",
        "city": "Nashville",
        "state": "TN",
        "zip_code": "37212",
        "image_url": "https://upload.wikimedia.org/wikipedia/commons/9/91/Tom%27s_Restaurant%2C_Manhattan.jpg",
        "category": 1,
        "user": "user_1",
        "joined": false
    }
},
{
    "model": "letseatapi.restaurant",
    "pk": 2,
    "fields": {
        "name": "Mas Tacos Por Favor",
        "street_address": "732 Mcferrin Ave",
        "city": "Nashville",
        "state": "TN",
        "zip_code": "37206",
        "image_url": "https://upload.wikimedia.org/wikipedia/commons/9/91/Tom%27s_Restaurant%2C_Manhattan.jpg",
        "category": 2,
        "user": "user_2",
        "joined": false
    }
},
{
    "model": "letseatapi.restaurant",
    "pk": 3,
    "fields": {
        "name": "Lucky Bamboo China Bistro",
        "street_address": "5855 Charlotte Pike",
        "city": "Nashville",
        "state": "TN",
        "zip_code": "37209",
        "image_url": "https://upload.wikimedia.org/wikipedia/commons/9/91/Tom%27s_Restaurant%2C_Manhattan.jpg",
        "category": 3,
        "user": "user_3",
        "joined": false
    }
},
{
    "model": "letseatapi.restaurant",
    "pk": 4,
    "fields": {
        "name": "Sonobana Japanese Restaurant",
        "street_address": "5508 Charlotte Pike",
        "city": "Nashville",
        "state": "TN",
        "zip_code": "37209",
        "image_url": "https://upload.wikimedia.org/wikipedia/commons/9/91/Tom%27s_Restaurant%2C_Manhattan.jpg",
        "category": 4,
        "user": "user_4",
        "joined": false
    }
},
{
    "model": "letseatapi.restaurant",
    "pk": 5,
    "fields": {
        "name": "Hattie B's Hot Chicken",
        "street_address": "112 19th Ave S",
        "city": "Nashville",
        "state": "TN",
        "zip_code": "37203",
        "image_url": "https://upload.wikimedia.org/wikipedia/commons/9/91/Tom%27s_Restaurant%2C_Manhattan.jpg",
        "category": 5,
        "user": "user_5",
        "joined": false
    }
},
{
    "model": "letseatapi.restaurant",
    "pk": 6,
    "fields": {
        "name": "Chauhan Ale & Masala House",
        "street_address": "123 12th Ave N",
        "city": "Nashville",
        "state": "TN",
        "zip_code": "37203",
        "image_url": "https://upload.wikimedia.org/wikipedia/commons/9/91/Tom%27s_Restaurant%2C_Manhattan.jpg",
        "category": 6,
        "user": "user_6",
        "joined": false
    }
},
{
    "model": "letseatapi.restaurant",
    "pk": 7,
    "fields": {
        "name": "The Smiling Elephant",
        "street_address": "2213 8th Ave S",
        "city": "Nashville",
        "state": "TN",
        "zip_code": "37204",
        "image_url": "https://upload.wikimedia.org/wikipedia/commons/9/91/Tom%27s_Restaurant%2C_Manhattan.jpg",
        "category": 7,
        "user": "user_7",
        "joined": false
    }
},
{
    "model": "letseatapi.restaurant",
    "pk": 8,
    "fields": {
        "name": "Greko Greek Street Food",
        "street_address": "704 Main St",
        "city": "Nashville",
        "state": "TN",
        "zip_code": "37206",
        "image_url": "https://upload.wikimedia.org/wikipedia/commons/9/91/Tom%27s_Restaurant%2C_Manhattan.jpg",
        "category": 8,
        "user": "user_8",
        "joined": false
    }
},
{
    "model": "letseatapi.restaurant",
    "pk": 9,
    "fields": {
        "name": "Once Upon a Time in France",
        "street_address": "1102 Gallatin Ave",
        "city": "Nashville",
        "state": "TN",
        "zip_code": "37206",
        "image_url": "https://upload.wikimedia.org/wikipedia/commons/9/91/Tom%27s_Restaurant%2C_Manhattan.jpg",
        "category": 9,
        "user": "user_9",
        "joined": false
    }
},
{
    "model": "letseatapi.restaurant",
    "pk": 10,
    "fields": {
        "name": "Epice",
        "street_address": "2902 12th Ave S",
        "city": "Nashville",
        "state": "TN",
        "zip_code": "37204",
        "image_url": "https://upload.wikimedia.org/wikipedia/commons/9/91/Tom%27s_Restaurant%2C_Manhattan.jpg",
        "category": 10,
        "user": "user_10",
        "joined": false
    }
},
{
    "model": "letseatapi.restaurant",
    "pk": 11,
    "fields": {
        "name": "Edward's Steakhouse",
        "street_address": "107 Franklin St",
        "city": "Clarksville",
        "state": "TN",
        "zip_code": "37040",
        "image_url": "https://upload.wikimedia.org/wikipedia/commons/9/91/Tom%27s_Restaurant%2C_Manhattan.jpg",
        "category": 5,
        "user": "user_1",
        "joined": false
    }
},
{
    "model": "letseatapi.restaurant",
    "pk": 12,
    "fields": {
        "name": "Tandoor Indian Bistro",
        "street_address": "2731 Wilma Rudolph Blvd",
        "city": "Clarksville",
        "state": "TN",
        "zip_code": "37040",
        "image_url": "https://upload.wikimedia.org/wikipedia/commons/9/91/Tom%27s_Restaurant%2C_Manhattan.jpg",
        "category": 6,
        "user": "user_2",
        "joined": false
    }
},
{
    "model": "letseatapi.restaurant",
    "pk": 13,
    "fields": {
        "name": "Yada Yada Yada Deli",
        "street_address": "100 Strawberry Alley",
        "city": "Clarksville",
        "state": "TN",
        "zip_code": "37040",
        "image_url": "https://upload.wikimedia.org/wikipedia/commons/9/91/Tom%27s_Restaurant%2C_Manhattan.jpg",
        "category": 5,
        "user": "user_3",
        "joined": false
    }
},
{
    "model": "letseatapi.restaurant",
    "pk": 14,
    "fields": {
        "name": "Kohana Japanese Restaurant",
        "street_address": "120 S Hampton Pl",
        "city": "Clarksville",
        "state": "TN",
        "zip_code": "37040",
        "image_url": "https://upload.wikimedia.org/wikipedia/commons/9/91/Tom%27s_Restaurant%2C_Manhattan.jpg",
        "category": 4,
        "user": "user_4",
        "joined": false
    }
},
{
    "model": "letseatapi.restaurant",
    "pk": 15,
    "fields": {
        "name": "Nicoletta's Italian Kitchen",
        "street_address": "2195 Madison St",
        "city": "Clarksville",
        "state": "TN",
        "zip_code": "37043",
        "image_url": "https://upload.wikimedia.org/wikipedia/commons/9/91/Tom%27s_Restaurant%2C_Manhattan.jpg",
        "category": 1,
        "user": "user_5",
        "joined": false
    }
},
{
    "model": "letseatapi.restaurant",
    "pk": 16,
    "fields": {
        "name": "El Toro Mexican Restaurant",
        "street_address": "1200 Ft Campbell Blvd",
        "city": "Clarksville",
        "state": "TN",
        "zip_code": "37042",
        "image_url": "https://upload.wikimedia.org/wikipedia/commons/9/91/Tom%27s_Restaurant%2C_Manhattan.jpg",
        "category": 2,
        "user": "user_6",
        "joined": false
    }
},
{
    "model": "letseatapi.restaurant",
    "pk": 17,
    "fields": {
        "name": "Wok n Roll",
        "street_address": "1820 Tiny Town Rd",
        "city": "Clarksville",
        "state": "TN",
        "zip_code": "37042",
        "image_url": "https://upload.wikimedia.org/wikipedia/commons/9/91/Tom%27s_Restaurant%2C_Manhattan.jpg",
        "category": 3,
        "user": "user_7",
        "joined": false
    }
},
{
    "model": "letseatapi.restaurant",
    "pk": 18,
    "fields": {
        "name": "Silke's Old World Breads",
        "street_address": "1214 College St",
        "city": "Clarksville",
        "state": "TN",
        "zip_code": "37040",
        "image_url": "https://upload.wikimedia.org/wikipedia/commons/9/91/Tom%27s_Restaurant%2C_Manhattan.jpg",
        "category": 9,
        "user": "user_8",
        "joined": false
    }
},
{
    "model": "letseatapi.restaurant",
    "pk": 19,
    "fields": {
        "name": "Gyros & More",
        "street_address": "2088 Lowes Dr",
        "city": "Clarksville",
        "state": "TN",
        "zip_code": "37040",
        "image_url": "https://upload.wikimedia.org/wikipedia/commons/9/91/Tom%27s_Restaurant%2C_Manhattan.jpg",
        "category": 8,
        "user": "user_9",
        "joined": false
    }
},
{
    "model": "letseatapi.restaurant",
    "pk": 20,
    "fields": {
        "name": "Naru Korean BBQ",
        "street_address": "2431 Ft Campbell Blvd",
        "city": "Clarksville",
        "state": "TN",
        "zip_code": "37042",
        "image_url": "https://upload.wikimedia.org/wikipedia/commons/9/91/Tom%27s_Restaurant%2C_Manhattan.jpg",
        "category": 7,
        "user": "user_10",
        "joined": false
    }
},
{
    "model": "letseatapi.restaurant",
    "pk": 21,
    "fields": {
        "name": "Burdett's Tea Shop & Trading Company",
        "street_address": "618 S Main St",
        "city": "Springfield",
        "state": "TN",
        "zip_code": "37172",
        "image_url": "https://upload.wikimedia.org/wikipedia/commons/9/91/Tom%27s_Restaurant%2C_Manhattan.jpg",
        "category": 5,
        "user": "user_1",
        "joined": false
    }
},
{
    "model": "letseatapi.restaurant",
    "pk": 22,
    "fields": {
        "name": "El Molcajete Mexican Restaurant",
        "street_address": "2936 Tom Austin Hwy",
        "city": "Springfield",
        "state": "TN",
        "zip_code": "37172",
        "image_url": "https://upload.wikimedia.org/wikipedia/commons/9/91/Tom%27s_Restaurant%2C_Manhattan.jpg",
        "category": 2,
        "user": "user_2",
        "joined": false
    }
},
{
    "model": "letseatapi.restaurant",
    "pk": 23,
    "fields": {
        "name": "Ping's Lounge",
        "street_address": "2008 Memorial Blvd",
        "city": "Springfield",
        "state": "TN",
        "zip_code": "37172",
        "image_url": "https://upload.wikimedia.org/wikipedia/commons/9/91/Tom%27s_Restaurant%2C_Manhattan.jpg",
        "category": 3,
        "user": "user_3",
        "joined": false
    }
},
{
    "model": "letseatapi.restaurant",
    "pk": 24,
    "fields": {
        "name": "Larry's Restaurant",
        "street_address": "1138 S Main St",
        "city": "Springfield",
        "state": "TN",
        "zip_code": "37172",
        "image_url": "https://upload.wikimedia.org/wikipedia/commons/9/91/Tom%27s_Restaurant%2C_Manhattan.jpg",
        "category": 5,
        "user": "user_4",
        "joined": false
    }
},
{
    "model": "letseatapi.restaurant",
    "pk": 25,
    "fields": {
        "name": "Depot Bar & Grill",
        "street_address": "1008 S Main St",
        "city": "Springfield",
        "state": "TN",
        "zip_code": "37172",
        "image_url": "https://upload.wikimedia.org/wikipedia/commons/9/91/Tom%27s_Restaurant%2C_Manhattan.jpg",
        "category": 5,
        "user": "user_5",
        "joined": false
    }
},
{
    "model": "letseatapi.restaurant",
    "pk": 26,
    "fields": {
        "name": "Pleasant View Pizza",
        "street_address": "2606 Highway 49 E",
        "city": "Pleasant View",
        "state": "TN",
        "zip_code": "37146",
        "image_url": "https://upload.wikimedia.org/wikipedia/commons/9/91/Tom%27s_Restaurant%2C_Manhattan.jpg",
        "category": 1,
        "user": "user_6",
        "joined": false
    }
},
{
    "model": "letseatapi.restaurant",
    "pk": 27,
    "fields": {
        "name": "Sidelines Grill",
        "street_address": "2475 Highway 49 E",
        "city": "Pleasant View",
        "state": "TN",
        "zip_code": "37146",
        "image_url": "https://upload.wikimedia.org/wikipedia/commons/9/91/Tom%27s_Restaurant%2C_Manhattan.jpg",
        "category": 5,
        "user": "user_7",
        "joined": false
    }
},
{
    "model": "letseatapi.restaurant",
    "pk": 28,
    "fields": {
        "name": "Taco Bell",
        "street_address": "2384 Highway 49 E",
        "city": "Pleasant View",
        "state": "TN",
        "zip_code": "37146",
        "image_url": "https://upload.wikimedia.org/wikipedia/commons/9/91/Tom%27s_Restaurant%2C_Manhattan.jpg",
        "category": 2,
        "user": "user_8",
        "joined": false
    }
},
{
    "model": "letseatapi.restaurant",
    "pk": 29,
    "fields": {
        "name": "Subway",
        "street_address": "2606 Highway 49 E",
        "city": "Pleasant View",
        "state": "TN",
        "zip_code": "37146",
        "image_url": "https://upload.wikimedia.org/wikipedia/commons/9/91/Tom%27s_Restaurant%2C_Manhattan.jpg",
        "category": 5,
        "user": "user_9",
        "joined": false
    }
},
{
    "model": "letseatapi.restaurant",
    "pk": 30,
    "fields": {
        "name": "Tanner's Pizza",
        "street_address": "6005 Highway 41A",
        "city": "Pleasant View",
        "state": "TN",
        "zip_code": "37146",
        "image_url": "https://upload.wikimedia.org/wikipedia/commons/9/91/Tom%27s_Restaurant%2C_Manhattan.jpg",
        "category": 1,
        "user": "user_10",
        "joined": false
    }
},
{
    "model": "letseatapi.restaurant",
    "pk": 39,
    "fields": {
        "name": "Pizza Perfect",
        "street_address": "1602 21st Ave S",
        "city": "Nashville",
        "state": "TN",
        "zip_code": "37212",
        "image_url": "data:image/jpeg;base64,/9j/4AAQSkZJRgABAQAAAQABAAD/2wCEAAkGBxMSEhUTEhMVFRUWGBoaGBcXGBcYGhoYHR0dGBgYIBsYHSggGBslHx0ZITEiJykrLi4uHyAzODMsNygtLisBCgoKDg0OGhAQGy0lICUvLS0tLy0tLS0tLS8vLy0tLy0tLS0tLS01LS0tLS0tLS0tLS0tLS0tLS0tLS0tLS0tLf/AABEIAKQAyAMBEQACEQEDEQH/xAAcAAABBQEBAQAAAAAAAAAAAAAAAwQFBgcBAgj/xAA9EAABAwMCBAQEAwYGAQUAAAABAgMRAAQhBRIGMUFREyJhcTKBkbEHodEUQlLB4fAjM0NygqJiFVSSsvH/xAAaAQACAwEBAAAAAAAAAAAAAAAAAwIEBQEG/8QANBEAAgIBAwEECQQDAAMBAAAAAAECAxEEITESEyJBUTJhcYGRobHR8AXB4fEUI0IzUlMV/9oADAMBAAIRAxEAPwDcaACgAoAKACgAoAKACgAoAKACgAoAKACgAoA5NAHaACgAoAKACgAoAKACgAoAKACgAoAKACgAoAKACgAoAKACgCG4juVgIbbt1PqcJgBfhpTAJ3KWPhHQc5qMt9jjipLDKNwX+JTjj37NdNRLpaS4FhcKkgJJjzGYG71mlVyafS3k5HbbJpy3AASTgU5vBIyjiv8AFFxS12+nN+JtB3PH4QBJJEHl6mKpW3ZXOF82RciX4J0IvMN3V88488vzJHiLShA6ABBEnrmanVGDWSMa4yWWi7sLCUhO4mOqjJ+Z605SwNjDCwLC4FS60d6TofFd6kc6T2lwV3KDB6munDtABQAUAFABQAUAFABQAUAFABQAUAJP3CECVqCR6mKhOyMFmTwcbwIDVWOXio+ZA+9LWqpeykvic6kOgoHkZp2ckivce6qq1sX3kfElPlPYnA+9KubUdjks42Pm/hoLfeaaa3F1bwPoDiFehGST6Ck46Zpv2HI7M2n8Z9b8G1S0lW3xSd5HMpEeX2JP5GpXvKUV+YJyMn4TtXXloYRIbC1Le2mQrskxyn4fr61TvaW/Ley/PmKecbG0t3hZaSkqgJAE4ieZp+emKRqafSqMIxa3Ix3iFE5dB+c/alO5mnDRya2iKo4gTI2ujPQn9ag79yD0TXpRHberrGZmjtxMtLDgeW2v9xFTjqRM9E/Am7XUAoSDNW4XJlGdbi8MfNvg05SFtCwNTInaACgAoAKACgAoAKACgAoAb3pXsV4ZSFx5SoEpB7kA5rjZ0oPEnAarmVu6i/vI5EhCPQbUQAmaRONfMse86oZ2wZJq3Dzlq5/jIeUjPnQsFO6cQvbgH/yAqirFLMU1kW008MX0jiS8tnQm1uHUgqSlLbxS4FGQNpiQBn4selNhPoWfp9gTwaBxBrTup2wtoQyCoC6zvKNpChszkEj3kEetMlqa3Hnn1FiFErF3SO0OzsLJ0vpdQVzCZUjydAAB1jrWbXZc7cTXdW+ye7/NxtWmxZ0y/g5xaq0uHEPXb4CEpKdhxuPeRk9MCrcZqcn05yWbdJBd6Twh3o+o2TFuV2qmgkA81bJIxkq83zg12NfTLLy3+e4VXCqPejv7SD1HiNh+28d5DiIWpKAmTvPMRIEg9yMUTg3PpX9F/Ta11x6sfyVi5dStMKK2weZAXgc+YSJPL51xZT2/Ybbrp2xw9vZkAwymPDfcKyQAA4TB7GDKj7YHc1zqm+UsewXC3HEm/e/v/A9Z1m5tyJWFpmCFSCP+UR8sml9lCfG355E3Y0+c+37/ANlk0vihp07FHYs8geSv9p5Gq86ZxWfAkpxbwWay1AtnrH3qVdqRG2jrRM2WuzA5VYhqWUrNG0TttqIMVchcmUp1NEg09NWFLIloXqZEKACgAoAKAOE0ANrq+bbBK1pSBzKiAB7k8qi5HUis334i2aCpLZXcKTO4MgKSmO61EIH/AMqhK2MeScapS9FFcP4g3V4lX7JbBKR++t1MHvlM/kaqai/wzj6lmuqMY9cl8eCt6hxSUK2Pvgubvht0KUfQKUVSJ96qKvq7yXvZ3/NivR39myGNtxrcPKU2wx4pEyFJMgeyf1os09UYp2PHvFWaiNvpR+5KsO3biNqLdm3cBlYcSSAMw6kjB5ERzBor02ns70Zt+8VGlT9EiLTQn7oKTbOJDJVK3ljL658x2x8A6DkY61eVUVz7vUWYdXT0x48/MW1nge0aQouXi/EGZVtIH/BIkD6V17cInheLGN03pzhSW2HbggBMoQ4EYETOB9Jqv/sjnvY9o7Ncsd3q9h5Y0VtKtyLEYyPEUtX5BJH1qLtb/wC/oTVSX/H1LAjUlKR52CmMEIhcEdNsBQ+lVbI77S/YtVN+Mf3FGrtCxKVAj7fLmKrSjJcl2GJLY5caY06IcQlXuBP15iuxsnHhi51wlyhmeHWoKBuAPSdwHXG6dvuKatRPOWKenr6dis8QcMuN+ZtG8ZKiidw+UyfmTV2nURezZUsqa8M/UV4b4rcQUNvyps4Dh+JPTPce+RXL9MnmUOfIlTc1hPjzL4hzqDg1QTLrjnkk7K/IOfvTY2YZVtpTRaNMvd1aFFuTKuq6SwtmRWguCoz3XTgUAFAHhbgAkmAKMgZhx3+KQZUbeyQHHcS4RKACMbQCN59eXvUJS8ySi28IyvVNUvLlQXcXCnCVR0ECY8iPhB9SAaru9cItx0smssldH0MK2qc8QpAG1pRgJ5c4x0yOv5VnXalrZY9prU6FNKU8+wXuEOrDjbATbtiQtUbVKjqAn4U88nvUVKEcOXeZTs0T1dspPaMXhJerx+JE23DG2Qq4QmTPLmZ6knFOep6uIlPU/p9tW8e8vVyvd9ib0rhxDKipV2QlUbg1uSVRkAkHlVa2+U1hQ48/AXXo9RPiD96x9Sw3vEbYkLEIIIyYJ+mTXdMuyj0xRtf4Kqr7z38RqzqLt4EpaDjDY+Lak+ZJ5ZBEDrg1owmveUJwb42Q9GjIbJPiLzz/AMsDtEbfvNLtvxyNq0wsdqRE8vb+WKoWSTZfrg0hkbsAnrSMMtdnkaOXhk7QM86moeY6NKQxeb3qB+FQ5KGD7eo9DIpiaiseBKdMXvw/Ml9OLpELCSQcHoR7dD6UlqOe6U5bbMk9nWu4FdQKT6UBkrHFHC4eAdZ8ryeQwEqjoe3vVqjUdHdlwxFlWd4cogOFOI1NO/s787Z2pJEQr+E+lP1FCceuHvI06huXRP3fY0BKqzi40T2j3Jx+tWaZ7mfqKy72apSK24PKMeSwxxUyIUANtQvENNqccUEpSCSomAAOpqLZ1LJgXHn4gO3ZLbCilo/uEQVCRDi+wmIR8zOBSurHI9V9XokCxpSVrlwhxUzyUEyrOSRLk/YHuKp2ahtbGhRosvDLFZ2DVuhS14T1k/TmefWs+ds7JKMTWhXCmI7auy6Ja8qAYJKSCf8Ab0j1pbgoenySU3P0RAMgFXmUvd/EZj0GOVM6m8bYwThTjl5E7u2RtKnAnaBJkA4GetShN5SiSmq8ZklgZNOLdT/hnwx7AkdPYH0H5UxpRfe3IKU7V3XhfMc2+mNo/iWo81qMqPz6D05VCVsn6kThpoR53fm+SQt9TU1y+YoipLdE7NNGzk9XGrrcxyH9xRJN+kzleljATS5JmaU0Sde2Bo7fpmBg02NLxljYwS2yLsokYzUJPc43hijKROT1xUW3jYjJvGxYGGMCKjGJlzs3HQEVPgVnJ5IrgCDhzUWNiikcfaQFBLyUjssjB7pPqenzFXNJbh9LEXwTWR9wjqxebKFmVoxPdPQ+9K1FXRLK4Y6mzrXrRcdJV5hUa+ReoWxoOlqlIrcpeYmFatx6TThQ3euQmlyngko5MJ/FrjBy5dNmx/lIUPFI/eV0T7JM46kelK69upjlW2+lFX0OwVIVPOYJAKomBnME/XAzVO6xcGxotM3v/Za0JCAVq5jJ6nt7k1QbcnhGy4xihu0HHTvclCQZQ3jpyUqOvpNTfTBYju/MTGuU+9LZeC+47cfxtEAegqCh4seq0uBJ17w07tpUr91Ix9T0HrXcdTx4ELX0rZZGpsVvHe6spBGEIJgdeZGT6wKn2irWIr4lfsZWbzePUh+pKUiAIFKWWXIrGyEJk0zgYCmx1rikzqyNlg9PrTlgamjwXFqEIST3IBP2qUa98sXJpPk4zornMNrJ/wBqj/KptvjAmPYweepfFD5p0o8qwUqHMKEe2Dmq1lbySaUt4vI8t20qO4mkNtbCbHJLCRZbRQIEUyD2Mi1NPcWWmpNEIsbOilsdEZqyaV4lhcCd5aJdQpCxuSRkfb50yMnF5QuSUlhmcaQDaXiRMglSJmZSPhUfnj61pW/7am/eVqF0Wpee32NY0v4gf75VRgNu4Zf9KEJFbVG0UYNryx2+5Ap0ngWkZr+KfFKrS1UW1Q44diO4J5q+Q/OKpp9c8eBaS6Y58TGtCslrmFfF8REYkyc9Z9O/MVG+aXJo6HTSkXbTrENJgAT/AH9azbbOtm7CEYLCFls7iDmBmB1/vtUFLBKS9Y6SwSMUvO4udiQIsIyabu9iPbeQxFuXHNwXLeICcSe0849qm10xx4ilPtJdWdh9e27jSUrcQpIUYSVAgH2mo9jPGWmNjfU5dKks+0j1CcmurbgtRLorR9PtmWXbl10+KkKSAOeASPKnpPer609SSlJvcwp6/VTslCCSw8fn9Du5Z05Fg5cptykKCkt+JO5SjhJAJMZk/ImndnUoZSKz1GrdyhKfG7xtj5Izy0SSjzdftWbbhT2PQaecpQTkWThriJNja3CU/wCcpQU2CkqSTAGY5Vc096UX5mf+paV3Wwnju4w/MsvDPEtyphy8vVNot0jyhKCFLVyxJ5Tgdz7VbhZJrqfBkajTVxkq4ek+fV7TOdQ1NV5cuXCgBuwE9kiAkeuIzVLUzz7Tb0FLrW3C29p1NlJESJ7VT7XC3NB24W5pHAenbWiu4jznw0T1Hf3PL5Gr2iqjhza2eyPNfqdylZ01+G7I4tqbW40syW1kSeqTlB9cUi+HRI5VPqWRF9NVZFqDGYFLwPydNAGfcbWwQ4VIiUgOQOYJMKMdjj5571oaaWVh+wqXLD29poXDLu4IHt9DkVXrXewP1OybNJ01EADtWzSsLBgWPLyIX78A1C2eEdhHLPn3jnU/227CSAWmyUIEwSpRCSvGTynpiO9V4Ppi5Lk0Y1KU1F/j/gl9F04NpxyBx9vyFZ99rkzehFVRUESJpAwcW1vNGMiLbekm7Dh99zKWzHdXlH586sVaS2W6RQt1lceWJato6kDw3xAV2VG70BBz7Ux1TrfeRCN9dq2Z50+7VaqC20pJAKQk8o/uK7C3sn1IZOuN0OiXA8/E3c6m1XuPgryU4wrBBn2JHyq/fJuKkvFGdo+mEnGXngqr9visrpwenrsHWjaY5evNMrWsoRmCSQhAiYHScCrNPXY+jP8ARV1rpog7sb/V+sc8W3pvbtFnbCWmfIlIIAKhhRk46QPn3q1bLL6Y+xGZpqumLnY/XJ/n58CKcZKFrbVhTailQ7EfesuyEoPvG1XdCcU4cErwtw+bt2DIaTlZ+yR6n8hT9NS7ZepFbXaxaeG3pPj7i/FzF1evIYat3m7RohKf8NQB6b47RyHb3q/OTe0V7NjLoVcU5Tkup7vdfD88SA1jQv2S6LG/eQkKBjaIPpJ5VV1MXBPJr6XWxtgsLH8E7oWlKcKUJB5gExgepjliqVVcrZ4RX1WoUE2y3a6/ZhTTTj62iwQpISkwSORJ2mf6mtuSgsRTxgwIubzLGcjbipseIzct5Q6NiiPqg/cUrVRUo9SJ6eTT6WRTyJrMkjQhLA2Wil4HqQntqOCWSnfiMxtbQ6Om5Ch3Ssf0q7pHluPvKuo2xL3fEsvA5O5kc5SmfcAH7TSq/wDzY9ZZ1Of8dN+RrNmnFbda2POSKrxnfBphRmCQfoBKj9PvVDVSwkl4l/RwzPL4W5gnDSC6sK6kkn1ymB8uePSu6h9CwXdD3n1e80QIgQKx3yaud8ijTM1JROSsxwTWjXHgLC9oVjke/f0qzTPs31YyZ2pj2q6c4Jnja7e8Jh5pxaW1EBaUGDnIyM9CK1LJOUFKL5MmqKjJxa4PPEyidMBenfKdhV8RM4Peds1xOTpXXydairX0cFStVqcCSegH9+5rJmsyaXBsQeILPJcbjSl3enBoJhaVSicAgHnPbaSPlWrVFypSxwZVs1Xe3nkpbqMqQfjQdqh2IwaoTg08G5p7lOKeSd4c1u1tGFh0OFxwkHYkk7Y8oBERzPWrGmsrhFqXLKv6hTddZFx4XHtGrPFVmwoG104BXMKWUpI9Z8xpj1FUd0iC0OqsjiUnjx8Pt9CAu31PXDj6kpR4mSlJJzgczVHUXKfBoabTyp2flgc2GvXFsFIYcCAo7jKUqzAHX2Fdp1E61hEtToq78SlyvaKK4wv/AP3H0bb/AEp/+ZP8/or/AP5NX5n7jceI+74zyytZABJSBgcuVVbtQ7O6SWnVHovgsWmX7zAUGVAFUTuTuGJj713T3Sq48SnqKo27s8vuPuvB11SDCdsIBEjJ6+pp9l3aLcrQq6OCXvNfuCkoShopKYklQIkRPanLVtrEhX+Mk8oibZK9gDhlXUj++1U7MZ7vBahnxOKFKGoQUaiMRT/xBJUllCU7ipauk8kwcfOflVvS7ZbEahZ6V6y4cHW0PN9k4/6kCkaXe5NljXPFLijUGUwK34o84zKfxivNjChn4Yx/5GP5R86zbO9fFe806O7RN+exn3CFqkP7OfhIMHPxHbuPpzj69qXqZNwz5l7TxUX0+X4y8NNzVBIuSkPG26akV5SHAFDFFr4XeWWVoAkpJKCoHbJ6T75+daeik3Bry4MzWRSmpefJVOKUO+M2m7cDhUJSlGEJPKI59s9ajf1+YzT9m8bCUADAiqSNEeL1BwthAecQlOAEQJ+cT+dOjdNLpK0tPGU84If9mSkkiZPMkkk+81Byb5LtUFFbDO9HrUGi/SyNSsDMiouJbe4skwPelPcXJZZ5CJIrucI43hD21th1zS5SyVp2+CJNpuK6kU5SyPGk0xIrtjiCOkVMW9x5b6Y6sApQSDyOAPzp0aLJLKQqVsIvDZ280h1CFLUEgIG4iQTHsKk9LZjLOR1FecIhvEkAjtiqkk08MuR33Gry6iPiil3V8LrUG0InYyFfNR+L5chVzpddDfiyp1Ky9LwRqPCjMOo91f8A1NJ0S/3I5rpZrf54l+TW+YZlf4m2u9LgMEFoxPcSR+cVi3tx1EWbWlSlRKJm/Bd0ldyVJmVIM5x0P3mp6mLjDDGaeUZSyvE0JkVSRbkO20Ux8FdsVSiopEGxZV04lBbQ4pAUc7TB7c+lOhbKCwmLdcZvMkR6bVKTIEk81HJPzNcc3LkZCMVwdIrg08qrp1cntOnPL+Fpw+yTTFXN8Jku2rjzJfEi9QsXUGHEKTPLcDn9ajKLj6SL1N1clmDz7Dmj8NOXalhtbaCCJCyQTInAAM1Oql2cMNRr4adJyTfsJK14YaIWBetLWhKlFKBPw9JJxnFdeki894p2fqkv/m0n5s98JaZb3Kgl0rClfCExBgEmTFKoohKxwm3nwwK1OstjWpwSx45JBlyxlxHhOgoCk71GfMMDCT/Km9npo7NfMqdrqZrOfkNuG7UvLQleJkq6YH2mlV0xld0rgnZbKNXU+SQd4hcDq22EtttNqKYKZKowZq3bqOy2iirXR2m8mN9ZvS+82sI27UbTnB64FJt1CsjxuMqocHyc/bXCWU7yENrCoGJzOT1FLhqJRxHwGSoi8sOKSU3jqQogOtpkAkSIiDHPrVjVylB5iJ0kVOOGRJIAgcqzm87s1IQxsQfEmo+E3CcrXITmIwSpR7AAfamUw6pb8Eb59EduWRv4f6YU73VjzKjtzICj7cxTtZYtolfSwxFy8zXOE7aVlUYSn/sf6T9al+nV5k5lfXz7qiWwVsGUUbjq1lAV7pPz5fzrI10eJGv+nS7zizB7lxVjdSgDHmHYjkfkUzPrJp0MXV7k7E6bMe/89xqumXiHUJWhSVAgZSZEwDH51nyi4vDLPV1LKZJtihCpDphtJUAtW1PUgSRU4KLl3tkKk2llcj+8tbRp0MuKd3qEggCADieVXZaeqHLZWjfbLdJEbqVuLd8Nq84ELE4Ckzy/Kk2VdlLzRZqt7WO2zJm+WpCWVW1q2oOJlSigq2YB6fOrbwopxit/UUsycnGcns/MrOr3XjPeIlIQkpCYBkEjrEYqrdYp+GC/pqpQfOUTiHLh6wIZUsupcAG07TtxicYg1arlKdW3OSrqIQhfxs0NeJCtuwQ3cKJeKwUSdygBzkjnifqKJp9mlPkIyj23VTx+5D8JvBN6yepJT9UkfpVPTvFyNnXRlLSS9z+Yz4hctmnlNstuhQdUHC4RtOc7Y5fpU9RCGfHIrSK+cN8NbfP2krwiD+0t7BMGTHRPIn86RpertkyGuio0tPYnNU0i5feKVBtllLhUlaQncRByfNma0LapTeGljzMqu2MI5TefIg7G/wDBeKk5La1JPYjIP1FZyzRYmaHSr4NDx5yxeWpaH1MqWdy07CrP7xEYzVibpueerHuExhfQt45XtGd9ctbkpYC1JzuUsbZPQj0+VIuhVFd1jKna33kIIuQlQUU7gDlJPP0mkRaTTayWuzco4Twetd1pVyUnw22yk/ECSoj+EkgYq1dqY2LdCKNFOp5TI1a8ZwOpqkaGEtyka46bp0NoyNwAzMicqj+AebHXn2q/UlXHLKNv+2eI/n8F/wBFsISkJBOYHdSu/wAzmqMuqyXG7HSarXSaZo1l4TYT+8cqj+I/pgfKt3T1dnBRMC+3tJtkhVgQV7X2AtpaT1GPfpVHUxTg0y3ppONiaMV4k0vxUkR50ztnv2qhRZ0Pc9HbUrq9ufAr/CGsLt3CyqUp3AnExHMHrHLNXbq1NKRjQlKtuJrzTnUZByD9jWfgtNZFkmeWTQiDWCw6402nw7hxhxxSGxJCglKf90nufWtaaXSnJeBm1t5ai8blXu7hb7xecgYhKQZAT79ap3W9Zdoq6CxXq0+Ay3+2oZKfj2qyR/Dgg1bW1aXUVHvY305K7qKbdHhItl+Jz8QwrniDnA61WujDGU9y1ROecNbElYaqy0wptSHVFZlW0hPtBkEYAqVVsIwwwvpsnYpLHqGCdfV4JaeZS6AT4e9XmSOknMx3rj1Cx0tZQ6vRycutPpZWtJ1J23cLiNhXG3zDcByMjIzikQs6JZibNmm7alQsfwPOs61cXceMpJ2E7YSE84n7CpWXufJDT/p8KHmLI+2u3EGW1qSYjBIx2kUtPDyi7ZTCxYmsjlrUSf8AMKlmeZJOPmaHKT8Sq9BV4IXeuhG1OJ5xSZZfJGNCg9kK2BgT1P2qIWRyO1XQHWuYFKlsSU9NdwMUMDa4vUNjctQSB1P95PpUlByeEdklFZfBV9Z4kU4fDZSqFRn95WJAAjAOJJzFXK6VFZbKFt8pNRivuyw8JcPhA3qAKzG6MmeYSP59zVa6xzeETUeyj62atoGk7P8AEWIUeQ/hB/n/APlX9JpujvS5+hjarUdfdjx9SwJFXyidroEVfoxyqtath0HuZtxRZecrAgHn79/nWRZ6WT0GhtSj05KFr2jqUfEZICxzPU9iD3H5irFFyXdlwN1emdvehyL8LcVOJSlhSEjwhtJUSJAxE/6Z9Tj2pltK9LPJmQnJd3HBfdN1JK+UpUIlKsKT2PqPUSKquLiOypDy6eW5IW44oHmkrVH0mmO+bW7FxoguEeUkAADpSuWNUWhMoHOKkS8TyRQSPCzQSiiOunxXGXaq2Ryltz786C2usQuFRhPw+lCGR35GhNSwSyeVriupZOs6wtU0OKfBB4JezWn4SZIiQPX+zTFVErye+EOnltIVzB5eUCT8zyFdariQjGc1gaX+tttpBJS2MZ65xy6dKX2kpd2tCpxhVvORSL64cvHoZSVJBgK6DpM8gD9ftViKVccze5QnOeon3OEXfhbhBSSABvcPxK9O0nkKqynK6WIr7DeqrTx6m9/NmqaFw+lnzKgr/IdMevrV/T6VQ7z3ZjanWSt2XBPhNXMFE9V0AoAZXSJFKmicWVfVbKTBEjr7VnTqyy/VbhFI1nSi0dwyk/lVedbh7Da0upViw+Spa3o28+K0drqcg8p9KbTdjuy4OanSqzvR9L6iehcUFs7HAgKRyC5SO0AxLZ9Mj0FOspysrj8+JnRks4eE15/m30LnputB8HyqQQYKVRnrKSDCk+tVZQ6fWW6u9nKw/WSDb1RJygKh8RQQ7N5Gz98B1jnUh0NO2R97qUDy86C3Vp//AGIhThJyTQW0vI80HRMrA61LDJAUKIwKMpcnG1nc74O0blkJHdRj70ZzwLnbCPLGFzrAR5WR4jih5YGAO59KdCD5lsU7dZF9yreT/MsZNPLbhTlylKgZ2phRJPOY5z2qec7RiVow6H1WWJP4i9pqrz61fs7e4dFLwPUn9KVOqFaXW8Df86duexjt4N7ElYcJqWrc+pTyyZ252z7DJikvVN92pfcWtPFd++XU/gjRtB4LUILg8NPbG6O0dKdXpLJ7z2XzKup/U4pdNe/0LvYaehpO1CYH5n1J61oV1RgsRRiW2yseZMfJFOQk7XQO0AFACDyahJEkRl0xNV5xGRZWdXtTBHTr7VRvTyaOmmvEqd/pkGU/SqzTjybNV+eSu6tobbp/xEwqIBGD/WnV3yhwct01V27+JXnuHX21DwyFoH7pJBHqJOD7GrUdTCS32ZRlobYPuPMfJ/t/ZJW+vXVvhe5aRzDqVTHo6kQf+Q+dc6IT4+X2JOVlfOfen8pfckWuM0KQSEKCgYKRtPP1mKW6JJjatTCW7XuEFaw0ZUV+5g4nGex9Kj2UjRWqpS52FFXYH9SBXOhlhyiuWe0PzjckYyOZrjWDnVHOM7iRcSpW0HccDrE9BPKfSpJNb4BXV5ayP7e3QknetIgSUzuMTHJPXnih1zktilf+o1w2TEn9aQ24dklIQSkphQcM9igKSAOeYwcmrFeijzLcwb/1KyT2FNPtLvUnEtMtMKSDLr6UKSkbuUhUElImE5k1ZVMVskVHqrHyy/j8K2QyptLqwpcbnMbiOowPKD8+dRlp87k4ayUU158jFn8IWEEAJSY/eUSZ/v2pEqNQ5elsWK9ZRFeh+5adO4HtmoJTJ7DCT8hUoaCH/bbIWfql0liOyJ+0sW2hDaEp9gBPuetW4VxgsRWClZbOz022LxUxZ0Cg4droHaACgAoA8LFcZ0QcbqDRJMjry0B6VXsryNhNorF/ppmYxVGVeXuaVWoWMETdWojImouOC5XYyOd09OcEex/Wl4yW42sauWMcifpP2rg2M0yJ1LQG3P8ATST1O2D+WadXbKPiRdFE/TSEU8COq86NyIEAK7doVmnK9tcFO2GnU04Ta+f58Rk7wO+AQFpwZlQIg5yDJI96Yrc74FS022IzTGy+B7o/6jfLpuE/9f5UztF5CXo7WvSQoeEb4+UqQP8AmqIHLEdK4nFeAdhc1u18yxaZ+GDy0w5cpSCBgJJ6jqSM4psZY8ChbU092aDof4YWTSU7/EeIHNasfQRAzyp0dym9i62Fi2ygNtIShCeSUgAD5CpYIjmugeTXDpygAigD1FBw7XQCgAoAKACgAoA8lNcwdEVszUXE6mM3rGaVKrIxWETcaN6UiVJbjqRt/wCk9kj6VXlTJjO39Z7b0w0LTtkXeiQtNL7irFenxyV7Ls8DlemiOVN7FC1axhdaCFSO/P8ASjsyzXrHEav8P/COxrjgOhrnuxZGkZTI5culd6SD1XOPElLSxCanGJUna5Eo2mKckIZ6rpwKAORQARQB2gAoAKACgAoAKACgAoAKACgAigDyU1zAHNgowjuQCBXMBk6E13Bw7FdAIoA4UCuYDJzwxXMI7k9AVI4doAKACgAoAKACgAoAKACgAoAKACgD/9k=",
        "category": 1,
        "user": "84cd6daff1cc428a",
        "joined": false
    }
},
{
    "model": "letseatapi.spinner",
    "pk": 1,
    "fields": {
        "primary_user": "user_1",
        "secondary_user": "user_2"
    }
},
{
    "model": "letseatapi.spinner",
    "pk": 2,
    "fields": {
        "primary_user": "user_3",
        "secondary_user": "user_4"
    }
},
{
    "model": "letseatapi.spinner",
    "pk": 3,
    "fields": {
        "primary_user": "user_5",
        "secondary_user": "user_6"
    }
},
{
    "model": "letseatapi.spinner",
    "pk": 4,
    "fields": {
        "primary_user": "user_7",
        "secondary_user": "user_8"
    }
},
{
    "model": "letseatapi.spinner",
    "pk": 5,
    "fields": {
        "primary_user": "user_9",
        "secondary_user": "user_10"
    }
},
{
    "model": "letseatapi.spinner",
    "pk": 6,
    "fields": {
        "primary_user": "user_2",
        "secondary_user": "user_3"
    }
},
{
    "model": "letseatapi.spinner",
    "pk": 7,
    "fields": {
        "primary_user": "user_4",
        "secondary_user": "user_5"
    }
},
{
    "model": "letseatapi.spinner",
    "pk": 8,
    "fields": {
        "primary_user": "user_6",
        "secondary_user": "user_7"
    }
},
{
    "model": "letseatapi.spinner",
    "pk": 9,
    "fields": {
        "primary_user": "user_8",
        "secondary_user": "user_9"
    }
},
{
    "model": "letseatapi.spinner",
    "pk": 10,
    "fields": {
        "primary_user": "user_10",
        "secondary_user": "user_1"
    }
},
{
    "model": "letseatapi.selectedrestaurant",
    "pk": 1,
    "fields": {
        "restaurant": 1,
        "user": "user_1"
    }
},
{
    "model": "letseatapi.selectedrestaurant",
    "pk": 2,
    "fields": {
        "restaurant": 2,
        "user": "user_2"
    }
},
{
    "model": "letseatapi.selectedrestaurant",
    "pk": 3,
    "fields": {
        "restaurant": 3,
        "user": "user_3"
    }
},
{
    "model": "letseatapi.selectedrestaurant",
    "pk": 4,
    "fields": {
        "restaurant": 4,
        "user": "user_4"
    }
},
{
    "model": "letseatapi.selectedrestaurant",
    "pk": 5,
    "fields": {
        "restaurant": 5,
        "user": "user_5"
    }
},
{
    "model": "letseatapi.selectedrestaurant",
    "pk": 6,
    "fields": {
        "restaurant": 6,
        "user": "user_6"
    }
},
{
    "model": "letseatapi.selectedrestaurant",
    "pk": 7,
    "fields": {
        "restaurant": 7,
        "user": "user_7"
    }
},
{
    "model": "letseatapi.selectedrestaurant",
    "pk": 8,
    "fields": {
        "restaurant": 8,
        "user": "user_8"
    }
},
{
    "model": "letseatapi.selectedrestaurant",
    "pk": 9,
    "fields": {
        "restaurant": 9,
        "user": "user_9"
    }
},
{
    "model": "letseatapi.selectedrestaurant",
    "pk": 10,
    "fields": {
        "restaurant": 10,
        "user": "user_10"
    }
},
{
    "model": "letseatapi.selectedrestaurant",
    "pk": 181,
    "fields": {
        "restaurant": 29,
        "user": "7725e2d48c254447"
    }
},
{
    "model": "letseatapi.selectedrestaurant",
    "pk": 182,
    "fields": {
        "restaurant": 27,
        "user": "7725e2d48c254447"
    }
},
{
    "model": "letseatapi.selectedrestaurant",
    "pk": 185,
    "fields": {
        "restaurant": 16,
        "user": "7725e2d48c254447"
    }
},
{
    "model": "letseatapi.selectedrestaurant",
    "pk": 186,
    "fields": {
        "restaurant": 17,
        "user": "7725e2d48c254447"
    }
},
{
    "model": "letseatapi.selectedrestaurant",
    "pk": 306,
    "fields": {
        "restaurant": 8,
        "user": "84cd6daff1cc428a"
    }
},
{
    "model": "letseatapi.selectedrestaurant",
    "pk": 313,
    "fields": {
        "restaurant": 6,
        "user": "84cd6daff1cc428a"
    }
},
{
    "model": "letseatapi.selectedrestaurant",
    "pk": 314,
    "fields": {
        "restaurant": 2,
        "user": "84cd6daff1cc428a"
    }
},
{
    "model": "letseatapi.selectedrestaurant",
    "pk": 315,
    "fields": {
        "restaurant": 4,
        "user": "84cd6daff1cc428a"
    }
},
{
    "model": "letseatapi.selectedrestaurant",
    "pk": 319,
    "fields": {
        "restaurant": 39,
        "user": "84cd6daff1cc428a"
    }
},
{
    "model": "letseatapi.selectedrestaurant",
    "pk": 320,
    "fields": {
        "restaurant": 3,
        "user": "84cd6daff1cc428a"
    }
}
]
